component,check,reproduced_value,frozen_value,status
CHARLS,primary_participants,2499,2499,PASS
CHARLS,primary_person_period,4449,4449,PASS
CHARLS,primary_events,674,674,PASS
CHARLS,primary_grip_HR,1.1816773140355568,1.1816773140355568,PASS
CHARLS,primary_grip_CI,"1.0756086531922908–1.2982056906682908","1.0756086531922908–1.2982056906682908",PASS
CHARLS,primary_grip_p,0.0005033143390498441,0.0005033143390498441,PASS
CHARLS,primary_results_csv_hash,IDENTICAL,IDENTICAL,PASS
CHARLS,all_extension_coefficients_hash,IDENTICAL,IDENTICAL,PASS
CHARLS,discovery_21_test_FDR_hash,IDENTICAL,IDENTICAL,PASS
ELSA,primary_participants,3991,3991,PASS
ELSA,primary_person_period,7233,7233,PASS
ELSA,primary_events,733,733,PASS
ELSA,primary_grip_HR,1.1152778685466338,1.1152778685466338,PASS
ELSA,primary_grip_CI,"1.017459488528189–1.222500490775522","1.017459488528189–1.222500490775522",PASS
ELSA,primary_grip_p,0.01983074884503746,0.01983074884503746,PASS
ELSA,models_success,7,7,PASS
ELSA,aggregate_common_files_byte_identical,26/27,26/27,PASS_WITH_DOCUMENTED_CROSSWALK_DIFFERENCE
FIGURES,figure1_png_hash,IDENTICAL,IDENTICAL,PASS
FIGURES,figure2_png_hash,IDENTICAL,IDENTICAL,PASS
TABLES,table1_source_csv_hash,IDENTICAL,IDENTICAL,PASS
TABLES,table2_source_csv_hash,IDENTICAL,IDENTICAL,PASS
TABLES,table3_source_csv_hash,IDENTICAL,IDENTICAL,PASS
RELEASE,participant_level_files_copied_to_repository,0,0,PASS
RELEASE,external_uploads,0,0,PASS
