"file_name","size_bytes","sha256"
".gitignore","491","cd60772ccad632aa8d4886482420c11a28bec960119bc0a0d24606c7329985e9"
"audit/AUTHOR_CODE_PROVENANCE_DECISION.md","828","bc897924abe7597f018c8dfc44187f0dfa17af605cf9d1827b036fd704ce4ad5"
"audit/CODE_AUTHORSHIP_AND_LICENSE_AUDIT.csv","1328","66d378f1442f8e52ddf28722df18d6b7bf86ac7ed456a0f2e11c967ee885e328"
"audit/CONTROLLED_END_TO_END_REPRODUCTION_SUMMARY.md","2438","f06d2c50372e077a11fbd034523d7bec164e0eaa68e705584355e31ab6aa0db7"
"audit/CONTROLLED_REPRODUCTION_CHECKS.csv","1442","b86647f4ed2ccaa5c5998252df9037c3a110f91d56111f058f221a3e969f0439"
"audit/END_TO_END_REPRODUCTION_PREPARATION.md","1695","44d98dd69d38ada627a5daaeddcac7a1edc835dd065ef879d7e98755ba89baac"
"audit/EXCLUDED_FILES.md","868","2c449166a934610b04a1c1ca1523cac91b47bb205aa262a86e1dd04a2bb73657"
"audit/FINAL_PREPUBLICATION_AUDIT.md","2163","3d616f69c67f88db473bbf908ba2f592338061a3c132394e067f7b41184d0cb5"
"audit/HUMAN_REVIEW_REQUIRED.md","942","03abd96f33ee9098d1c972b6021151990eea0ea6d02c9803188698647b0b3e73"
"audit/LICENSE_AND_THIRD_PARTY_AUDIT.md","794","adfc1d4e5ec5e89408eff5888604079e57b77794e4b128f0b4ec99fb7e2effbc"
"audit/NEXT_STEP_HANDOFF.md","499","f8a66a84c4456ad4920a26b2fdb0ba70c41d76e27607992f75766d737d749bed"
"audit/PRIVACY_AND_REPRODUCIBILITY_AUDIT.md","1579","cd465ebef6b9385d0bcd63367084eac100efb121b8af16ad74b3b35289809883"
"audit/PUBLIC_RELEASE_AUTHORIZATION_AND_PREFLIGHT.md","1252","1a4bfbd1a867b6f1d7df170f9550920cbec80c2eecbc08958dd1b76812d1bbfc"
"audit/RELEASE_CANDIDATE_FILE_SUMMARY.md","1048","9bbe0ed19790c0c6f152708144133f0b43d1a740ec53c742714d8c9598803f38"
"audit/RELEASE_CANDIDATE_QA.csv","470","2404ecf12dbb91e25caac0d1e4d201152da66db9781251502107f631379ae12b"
"audit/SENSITIVE_INFORMATION_SCAN.csv","268","821f1d5f37f8466a60a4b85d82318d839da5f4987e5edeefd323c61d2e130db0"
"audit/SOURCE_TO_CANDIDATE_PROVENANCE.csv","1278","1b7af86378db31016ba6f54022f4cf022a5afe4576523e8617a37739c72ee533"
"audit/SYNTAX_CHECK.csv","436","d64a4cb2642bbbd650f895d5305610354ab4b788ef4d0bd10f6cd7c5e59c57c7"
"audit/THIRD_PARTY_DEPENDENCY_REVIEW.csv","1136","784947e0ff117e986524d1d7467695fcf301cd96f7badd2a21d354f33c46d63e"
"CITATION.cff","753","abb97d0b1c84c664fdab7fc4a5e973494203a3240a5380902189b6d889d41139"
"config/paths.example.env","898","d77e879be7527fb32addef9dfd3931d21f1c7c25629770436ba5d68fe85a3192"
"docs/DATA_ACCESS.md","1077","0944a7bb3a4e9bcd689d70f3005c9efad756896ee1f0734f79c73dff7ed65c9e"
"docs/PROVENANCE_AND_VERSION_POLICY.md","1018","b9ce88033c0659e6890b5abad3778a9b148657125851b1e2094fb92a4d6cfb4f"
"docs/REPRODUCIBILITY.md","953","e8cfb30ed8f4c70dd86659635ebc947d672a87d0dd6b3782f240a4bfc909bce1"
"environment.yml","281","883ff0967f0ef8f33bd19464167074108f5362826ea9d4581e1547c197f600de"
"LICENSE","1118","5ca6aa77342ed6cc6d3becd36d52e31b13dbf459ec9be079248a72da3abc0d95"
"outputs/.gitkeep","1","01ba4719c80b6fe911b091a7c05124b64eeece964e09c058ef8f9805daca546b"
"README.md","3657","b5aba3023c675a430eca8d1f8364b9282534cb74589d4dbe2c7d16ec016359db"
"requirements.txt","158","8e3fe128deacdcc6bbe1d4e5ec6705d22acba3ff266151c7e691cf7a1d95eeb7"
"src/charls/01_primary_analysis.py","21554","b7e7ef8bc987dc2ef9c1123703ca359b6850bf9a20a8c6e18e7e3dc839a76b2d"
"src/charls/02_exploratory_extensions.py","27028","f4c7dd3b4d520d5746efcb53f0c906de9c013e502ea680bd133eeaf41ec6434e"
"src/elsa/01_conceptual_replication.py","54575","5206dbf46df35d6e35a10ad010153c48f7740f09eab2ee40fe6d983f2d7cb48b"
"src/figures/build_current_figures_tables.py","20497","9655e48f5079afdf93e9c5901007d05e41def1c80f0e96495e56596d53cda096"
"src/figures/build_submission_figures_tables.py","16070","23c6cfa1c6cf46fdcafc260a899579f809ed91192dc51c7ecca3cbc8fea686fb"
